{"val_loss": [0.14811848029494284, 0.1371436133980751, 0.12739864606410264, 0.12088730111718178, 0.11875970270484686, 0.11531970631331205, 0.11712408572340918, 0.11646616477519274, 0.11933878250420094, 0.1180612126365304, 0.12464775834232569, 0.12234672587364911, 0.1221881104633212, 0.12613580391259654, 0.11766282189637423, 0.13700067289173604, 0.13971844967454672, 0.13473271634429693, 0.13915604539215565, 0.16578043699264527], "val_binary_accuracy": [0.9659985467791558, 0.9659082099795342, 0.966342779994011, 0.9662841930985451, 0.9666113287210465, 0.9669165134429931, 0.9662341620956094, 0.9669262781739235, 0.9666064605116844, 0.9670288145542145, 0.9667138695716858, 0.9672631919384003, 0.9673462063074112, 0.9668507427685612, 0.967558604478836, 0.9670459017157554, 0.9671923890709877, 0.9670459032058716, 0.9673144489526748, 0.9670288145542145], "val_top_k_categorical_accuracy": [0.657421875, 0.690234375, 0.70234375, 0.7115234375, 0.71640625, 0.724609375, 0.7242472263410239, 0.7328125, 0.735546875, 0.736328125, 0.7408203125, 0.733203125, 0.73359375, 0.7396988906497622, 0.734375, 0.747265625, 0.7373046875, 0.741015625, 0.7384765625, 0.73515625], "loss": [0.2716436614980921, 0.1332470066845417, 0.12447872168850153, 0.1193866114015691, 0.11562500178115442, 0.11251985600683838, 0.10990340360440314, 0.1075657639070414, 0.10543225383153185, 0.10346357285743579, 0.10157820801250636, 0.1000000856583938, 0.09832066138042136, 0.09680041923420504, 0.09539204515749589, 0.09405988829676062, 0.09294899558881298, 0.09169445484876633, 0.0907532331184484, 0.08970968060893939], "binary_accuracy": [0.9523472632281482, 0.9650727928616106, 0.965697335358709, 0.9660797210410237, 0.9664148027077317, 0.9667735386639833, 0.9670571966096759, 0.9673606949858368, 0.9676763994619251, 0.9679577728733421, 0.968204352632165, 0.968470923602581, 0.9687664868310094, 0.9690782258287072, 0.9692935286089778, 0.9695640658028424, 0.9698495583608746, 0.9700787430629134, 0.9702678010798991, 0.9705520702525974], "top_k_categorical_accuracy": [0.53056640625, 0.63765869140625, 0.6652587890625, 0.68299560546875, 0.69940185546875, 0.71124267578125, 0.723388671875, 0.7318603515625, 0.74061279296875, 0.74864501953125, 0.7565185546875, 0.7632080078125, 0.76993408203125, 0.77642822265625, 0.78367919921875, 0.78743896484375, 0.79102783203125, 0.79696044921875, 0.80108642578125, 0.804931640625]}