{"val_loss": [0.2384491167962551, 0.14976464696228503, 0.1351843148469925, 0.13383442554622887, 0.13123700600117444, 0.12898838315159084, 0.12855142475402487, 0.1242326045408845, 0.12410406302660704, 0.12294251900166273, 0.12175707668066024, 0.11874617710709572, 0.11840457171201706, 0.11844654491085636, 0.11530131250619888, 0.1152831844985485, 0.11456032395362854, 0.11394557449966669, 0.11176860891282558, 0.11221021171659232, 0.11152448411883341, 0.11025124546140433, 0.11111113745719195, 0.10988543983548879, 0.11114750672131776, 0.10853219479322433, 0.11056554485112428, 0.10838236714080095, 0.1083608379587531, 0.10866270326077938], "val_binary_accuracy": [0.9651049897074699, 0.9647070422768593, 0.9658130049705506, 0.9657568439841271, 0.9659350588917732, 0.9662304744124413, 0.9656274888292545, 0.9665307760238647, 0.9662768676877022, 0.9662377968430519, 0.966137707233429, 0.9668237432837486, 0.9666919082403183, 0.9663406491468524, 0.9670630052685738, 0.9669140696525573, 0.9668676808476449, 0.9666699364781379, 0.9673388689756394, 0.9670239314436913, 0.9670191235285365, 0.9672192424535752, 0.9670581132173538, 0.9672290191054345, 0.966450209915638, 0.9674218833446503, 0.9668212965130806, 0.9674103716285029, 0.9671777456998825, 0.967097170650959], "val_top_k_categorical_accuracy": [0.5578125, 0.5724609375, 0.61484375, 0.6154296875, 0.632421875, 0.6333984375, 0.6398573691606899, 0.641796875, 0.6466796875, 0.650390625, 0.6634765625, 0.6798828125, 0.68359375, 0.6852218698586223, 0.693359375, 0.702734375, 0.6986328125, 0.7150390625, 0.7212890625, 0.7203125, 0.7299920761641912, 0.722265625, 0.7310546875, 0.725, 0.73046875, 0.7521484375, 0.73203125, 0.7470285263378911, 0.7291015625, 0.7419921875], "loss": [0.37550020616035906, 0.1834434858057648, 0.1400199144380167, 0.13426873936550693, 0.13270440471824257, 0.1309559018118307, 0.12875824436778202, 0.12651092623127624, 0.12448906280333176, 0.12268541875528172, 0.12108065579086542, 0.11962029365822673, 0.1182675505639054, 0.11696505878353491, 0.11570622193394228, 0.11450396934524179, 0.11336065736832097, 0.1122890678816475, 0.11127778326626867, 0.11027119986247272, 0.10937674299348146, 0.10846913432469592, 0.1076400722609833, 0.1068131954409182, 0.10600685074459762, 0.10527058520819992, 0.10449643535539507, 0.1037924396339804, 0.10308318817988038, 0.10234198031248525], "binary_accuracy": [0.916150517296046, 0.9647743323817849, 0.9648455911315977, 0.9656918409280479, 0.9657879753038288, 0.965845803078264, 0.9659974798560143, 0.9661564741283655, 0.966313028614968, 0.966430826112628, 0.966519632562995, 0.9666023346595466, 0.9666639812290668, 0.9667314238846302, 0.9668002418242395, 0.966865399107337, 0.9669426064938307, 0.96702073039487, 0.9670790175907313, 0.9671788135543465, 0.9672380177304148, 0.967296455334872, 0.9673675615340471, 0.9674264611676335, 0.9675199999473989, 0.9675700494088233, 0.9676432901062071, 0.9677307241596281, 0.9678222768940031, 0.967906351108104], "top_k_categorical_accuracy": [0.35115966796875, 0.5734619140625, 0.60621337890625, 0.61732177734375, 0.62034912109375, 0.6327880859375, 0.63731689453125, 0.6416748046875, 0.64381103515625, 0.64981689453125, 0.6582275390625, 0.6666015625, 0.67430419921875, 0.68193359375, 0.689990234375, 0.697802734375, 0.704443359375, 0.71075439453125, 0.71536865234375, 0.72071533203125, 0.7248046875, 0.72923583984375, 0.7330078125, 0.7369873046875, 0.73994140625, 0.74296875, 0.746484375, 0.7492919921875, 0.7521728515625, 0.75426025390625]}