{"val_loss": [0.1339088562875986, 0.13541532075032592, 0.1350880349986255, 0.13574372455477715, 0.13444632682949303, 0.12939172880724073, 0.12376347510144114, 0.11657837573438883, 0.11457252791151404, 0.11136767445132137, 0.10971630718559026, 0.10629154900088907, 0.10593614531680942, 0.10480333091691137, 0.10607677828520537, 0.10538823939859868, 0.10250748433172703, 0.10356822526082396, 0.10092144273221493, 0.10430868482217193, 0.102135010343045, 0.10146505972370505, 0.10437965383753181, 0.10176297575235367, 0.10351201854646205, 0.10057918578386307, 0.10318501964211464, 0.10152946701273322, 0.10435700863599777, 0.10715017393231392], "val_binary_accuracy": [0.9651049874722958, 0.9647070400416851, 0.9648852594196796, 0.9646191485226154, 0.9650048911571503, 0.9658276431262494, 0.9659961074590683, 0.9668457128107548, 0.966838388890028, 0.9672363393008709, 0.9668969810009003, 0.9678979597985744, 0.9675732538104057, 0.9678881943225861, 0.9679272599518299, 0.9679150484502316, 0.9684961020946503, 0.9680639714002609, 0.969038100540638, 0.9684936620295048, 0.9688086032867431, 0.9686157323420048, 0.9685962043702603, 0.9690429754555225, 0.9685131885111332, 0.9692822374403477, 0.9688476637005806, 0.9692041128873825, 0.9686474688351154, 0.969121103733778], "val_top_k_categorical_accuracy": [0.6162109375, 0.611328125, 0.61484375, 0.6154296875, 0.6234375, 0.634765625, 0.658203125, 0.6822265625, 0.7015625, 0.712109375, 0.73671875, 0.7416015625, 0.745703125, 0.755078125, 0.7521484375, 0.751171875, 0.7435546875, 0.761328125, 0.7646484375, 0.7501953125, 0.762109375, 0.7587890625, 0.7525390625, 0.7431640625, 0.755078125, 0.7521484375, 0.734765625, 0.751953125, 0.74375, 0.7345703125], "loss": [0.21593905941699632, 0.13531748069799504, 0.13530889475950972, 0.13531036986387335, 0.13530901870690287, 0.13389701148844324, 0.12668136929278262, 0.12056135900784284, 0.11604104060097598, 0.11235497362213209, 0.1091834450897295, 0.10636659092851915, 0.10381431399146095, 0.10147271668538452, 0.099148587603122, 0.09694049574318342, 0.09477919512428343, 0.09258181582554244, 0.09051926510292105, 0.08833415350527503, 0.08618949723313563, 0.08406311140861362, 0.08184736138791777, 0.07984114541905, 0.07784604394400958, 0.0759310531517258, 0.07395931985520292, 0.07204443670343608, 0.07036171656509396, 0.0687488788011251], "binary_accuracy": [0.9510110533330589, 0.9647743315435946, 0.9647743315435946, 0.9647743315435946, 0.9647743315435946, 0.9650804233271628, 0.9657951458357275, 0.9663183708209544, 0.9666467394679785, 0.9669503902085126, 0.9672300821170211, 0.9674845998175442, 0.967804576549679, 0.9681642250623554, 0.9685437131673098, 0.9689889627508819, 0.9693985077086836, 0.9698373516090214, 0.9702493392396718, 0.9707486078608781, 0.971223458647728, 0.9717144888825715, 0.9722378646023572, 0.9727804668713361, 0.9732930097263306, 0.9738102816045284, 0.9743446459062397, 0.9748912153765559, 0.9753877366892993, 0.9758232208900154], "top_k_categorical_accuracy": [0.5303466796875, 0.617529296875, 0.61751708984375, 0.6175537109375, 0.61759033203125, 0.6222900390625, 0.64366455078125, 0.66982421875, 0.6935791015625, 0.71385498046875, 0.73011474609375, 0.74166259765625, 0.75257568359375, 0.761962890625, 0.7707763671875, 0.77811279296875, 0.78592529296875, 0.79503173828125, 0.80201416015625, 0.80953369140625, 0.8187744140625, 0.8267578125, 0.8347900390625, 0.84295654296875, 0.84892578125, 0.85634765625, 0.86341552734375, 0.8709228515625, 0.875537109375, 0.88193359375]}