{"val_loss": [0.11756086274981499, 0.11417458718642592, 0.11161862574517727, 0.11015650928020478, 0.10884365206584334, 0.10704599833115935, 0.10714001245796681, 0.10635469974949956, 0.10666370606049895, 0.10522019071504474, 0.10491464165970683, 0.10412227623164654, 0.10517796119675041, 0.10424704505130648, 0.1036929503083229, 0.10479813711717725, 0.1033331242389977, 0.10523012625053525, 0.10297855166718364, 0.10431879265233875, 0.10351530620828271, 0.1036105964332819, 0.10481943301856518, 0.10390721503645181, 0.10464715799316764], "val_binary_accuracy": [0.9665771566331387, 0.9667480520904064, 0.9672412119805813, 0.9672119215130806, 0.9674414150416851, 0.9679321393370628, 0.9677368275821209, 0.9678051836788655, 0.9677587985992432, 0.9678662203252315, 0.9678100630640983, 0.9681469805538654, 0.9676391676068306, 0.9679174870252609, 0.9678906299173832, 0.9677539102733135, 0.9679321326315403, 0.9673608496785164, 0.9682373076677322, 0.9676416113972663, 0.9679394565522671, 0.9678540110588074, 0.9675390653312206, 0.967441414296627, 0.9670336976647377], "val_top_k_categorical_accuracy": [0.7046875, 0.7185546875, 0.7296875, 0.7328125, 0.741015625, 0.7490234375, 0.751953125, 0.751953125, 0.7546875, 0.7509765625, 0.76328125, 0.7607421875, 0.7521484375, 0.765234375, 0.756640625, 0.7572265625, 0.7525390625, 0.765234375, 0.766015625, 0.7486328125, 0.768359375, 0.7619140625, 0.756640625, 0.7484375, 0.7658203125], "loss": [0.14658596907393076, 0.11846520691178739, 0.11318091719876974, 0.1094945888093207, 0.10670469728065654, 0.10445370720699429, 0.10243154015042819, 0.10075804961379617, 0.09922490992466919, 0.09776280945516191, 0.09639071833807974, 0.09502042757230811, 0.09379919668426737, 0.09268595187459142, 0.09151754784979857, 0.0902562072093133, 0.08918988283257931, 0.08810223767068237, 0.08709883987903595, 0.08593082175357267, 0.08498651630652602, 0.08412541307625361, 0.08309019392472691, 0.08205108859401662, 0.08105875786277465], "binary_accuracy": [0.9631524750730023, 0.9662771702278405, 0.9667526342440397, 0.9671910189557821, 0.9675936983898282, 0.9679258811753243, 0.9682052700780333, 0.9684594828635454, 0.9687005706597119, 0.9689883506391197, 0.9691883932333439, 0.9694511506240815, 0.9696188431698829, 0.9697805882897228, 0.9700738620012999, 0.9703054897952825, 0.9704957663081586, 0.9707437217701227, 0.9709326275624335, 0.9711735624354333, 0.9713963403366506, 0.9715582363307476, 0.9718292323872447, 0.9720507889986039, 0.9722657855134458], "top_k_categorical_accuracy": [0.63472900390625, 0.69486083984375, 0.715478515625, 0.7301025390625, 0.7406982421875, 0.74971923828125, 0.75933837890625, 0.76341552734375, 0.7693603515625, 0.77481689453125, 0.779150390625, 0.78250732421875, 0.785498046875, 0.79024658203125, 0.79324951171875, 0.797314453125, 0.80048828125, 0.8039794921875, 0.80662841796875, 0.81024169921875, 0.812646484375, 0.81456298828125, 0.819384765625, 0.82244873046875, 0.8243896484375]}