{"val_loss": [0.11909256437793374, 0.11585071589797735, 0.1134972688741982, 0.1123306130990386, 0.1108657862059772, 0.10897213509306311, 0.10954433316364884, 0.10760437222197652, 0.10809672642499209, 0.10731348395347595, 0.10709398267790675, 0.1050892154686153, 0.10572030507028103, 0.10612598285079003, 0.10487990137189626, 0.10578898126259446, 0.10426099868491293, 0.10545302489772439, 0.10384048335254192, 0.10509458268061281, 0.10499401576817036, 0.10427353568375111, 0.105043323058635, 0.10537517191842198, 0.1059786426834762], "val_binary_accuracy": [0.9665869243443013, 0.9665454111993312, 0.9669604569673538, 0.9669506944715976, 0.9673779360949993, 0.9678125061094761, 0.9675097741186619, 0.9678418032824994, 0.9673925817012787, 0.9676757857203484, 0.9673413217067719, 0.9680883854627609, 0.9677294962108135, 0.9679296933114528, 0.9679052822291851, 0.9675659261643886, 0.9679931707680225, 0.9675244227051735, 0.9681030310690403, 0.9676684647798538, 0.9678613319993019, 0.9678588949143887, 0.9678003035485745, 0.9675415121018887, 0.9672485418617726], "val_top_k_categorical_accuracy": [0.69296875, 0.710546875, 0.722265625, 0.7267578125, 0.732421875, 0.7345703125, 0.7421875, 0.744140625, 0.7400390625, 0.743359375, 0.7490234375, 0.7533203125, 0.74375, 0.745703125, 0.7455078125, 0.743359375, 0.7505859375, 0.7578125, 0.760546875, 0.7427734375, 0.759765625, 0.75078125, 0.7404296875, 0.7451171875, 0.7423828125], "loss": [0.1517044956970494, 0.11995325991301797, 0.11484348697704264, 0.11156114850891755, 0.10894066258333623, 0.10667105287429876, 0.10478359272237867, 0.10312237099860795, 0.10156683511449956, 0.10016146412235685, 0.09875364924082533, 0.09757115550455638, 0.09632140986504964, 0.09517561864340678, 0.09412813719827681, 0.09304621390765533, 0.09186695910175331, 0.09087116045993753, 0.08992316268268041, 0.08894206671393476, 0.08800106532289646, 0.08699474110617303, 0.08610046991962009, 0.08517085443309043, 0.08422186112147756], "binary_accuracy": [0.9631910781841725, 0.9661222938913852, 0.966573191061616, 0.9669378755614162, 0.9672667013946921, 0.9675624179653823, 0.9678538618609309, 0.9680546660907566, 0.9683065885212272, 0.9685322653967887, 0.9687690811231733, 0.968949593603611, 0.9691505516413599, 0.9693690589163453, 0.9695625398308039, 0.96975266225636, 0.9699250868987292, 0.970172280119732, 0.970322121726349, 0.9705374240409583, 0.9706579670775681, 0.9709437643177807, 0.9710946750361472, 0.9712918187491596, 0.9715042186900973], "top_k_categorical_accuracy": [0.628857421875, 0.68636474609375, 0.70704345703125, 0.72044677734375, 0.73135986328125, 0.74002685546875, 0.7485595703125, 0.75357666015625, 0.759228515625, 0.7635986328125, 0.7679931640625, 0.7720458984375, 0.775634765625, 0.78013916015625, 0.7821533203125, 0.787255859375, 0.79031982421875, 0.79473876953125, 0.79671630859375, 0.79969482421875, 0.8024169921875, 0.80633544921875, 0.810009765625, 0.81219482421875, 0.81444091796875]}