{"val_loss": [0.13221976291388274, 0.12632271740585566, 0.12176339142024517, 0.12017976793363093, 0.11896381210535764, 0.11623468194156886, 0.11599591692702964, 0.11478445157408715, 0.1143189623951912, 0.11253727544099093, 0.1126580217532245, 0.11216264348477126, 0.11151912119239568, 0.11145252563838974, 0.11082742270082235, 0.11061439327895642, 0.10993261970579624, 0.11044371519076553, 0.1096642291173339, 0.1092265110462904, 0.10952695232854877, 0.10980310626327991, 0.10903587955981493, 0.10875273577394118, 0.10873125921934843, 0.10876229163259268, 0.10812325719743968, 0.108523702745734, 0.10864768121391535, 0.10793079733848572], "val_binary_accuracy": [0.9656347796320915, 0.9658410757780075, 0.9663049429655075, 0.9663331104394116, 0.9664172500371933, 0.966805425286293, 0.9667289672546927, 0.9671240299940109, 0.9669226169586181, 0.9672754064202309, 0.9672034978866577, 0.9673547446727753, 0.9673181295394897, 0.9673473279275452, 0.9674108982086181, 0.9673254519701004, 0.9676440596580506, 0.9673128931846888, 0.9676403984427452, 0.9676440477371215, 0.9675378778804296, 0.9675366297364235, 0.9674914613366127, 0.9676620414836683, 0.967542739212513, 0.967410908639431, 0.967757585644722, 0.9674579745479497, 0.9673938140273094, 0.9677014172077179], "val_top_k_categorical_accuracy": [0.6203125, 0.66708984375, 0.6923828125, 0.7042682928236145, 0.70224609375, 0.71591796875, 0.7153815888777012, 0.719140625, 0.7158203125, 0.72021484375, 0.7274783630712496, 0.72294921875, 0.73037109375, 0.7272816684938246, 0.7271484375, 0.728125, 0.73291015625, 0.7306254912229339, 0.7318359375, 0.7357421875, 0.7343627065771869, 0.73271484375, 0.73125, 0.7373131392604249, 0.7349609375, 0.73359375, 0.73740234375, 0.7337726195622015, 0.7328125, 0.73798828125], "loss": [0.1827047354890965, 0.13236424160422758, 0.1266276024049148, 0.12311957783531398, 0.12031055553816258, 0.11802319150883704, 0.11610226458869874, 0.11445587392663584, 0.11302302322583273, 0.11166310363914818, 0.11049879512283951, 0.10940681027714164, 0.10840379890287295, 0.10739905886584893, 0.10645846240222454, 0.10560558268334716, 0.10472202906385064, 0.10386266586137935, 0.10309508224017919, 0.10228229729691521, 0.1015539840911515, 0.10080389167414978, 0.09999455086654052, 0.09930472316918895, 0.09854707444319502, 0.09790207953192294, 0.09716918913181871, 0.09650228342507035, 0.09582249806262552, 0.0950860897777602], "binary_accuracy": [0.955606393236667, 0.9653085468336939, 0.9656801740638912, 0.9659274438396096, 0.9661528876982629, 0.966363232396543, 0.9665647245012223, 0.9667257782071829, 0.9668977503664792, 0.9670272931456566, 0.9671846895478666, 0.9673310967162252, 0.9674585838802159, 0.9675618125125766, 0.9677128695882857, 0.9678321967832744, 0.9679475512355566, 0.9680706125684082, 0.968212138582021, 0.9683139947243035, 0.9684211853891611, 0.9685583629645407, 0.9686622742563487, 0.9687935004010797, 0.9688896317966282, 0.9690187933854759, 0.9691381977871061, 0.9692456930875778, 0.9693994981236755, 0.9694917418062687], "top_k_categorical_accuracy": [0.568853759765625, 0.637652587890625, 0.66741943359375, 0.6834228515625, 0.694189453125, 0.703826904296875, 0.710003662109375, 0.715252685546875, 0.720123291015625, 0.724652099609375, 0.728857421875, 0.73294677734375, 0.736297607421875, 0.740093994140625, 0.744244384765625, 0.746209716796875, 0.7496337890625, 0.752044677734375, 0.754473876953125, 0.758282470703125, 0.759478759765625, 0.762591552734375, 0.765875244140625, 0.76700439453125, 0.76939697265625, 0.77086181640625, 0.774664306640625, 0.776458740234375, 0.778466796875, 0.78065185546875]}