{"val_loss": [0.12605280634015797, 0.12174095902591944, 0.11886083800345659, 0.11750080864876508, 0.11580046620219946, 0.114390972815454, 0.11534117501105068, 0.11216643117368222, 0.11297888457775115, 0.11274198573082686, 0.11199865993112326, 0.11001362875103951, 0.11054600477218628, 0.11147104500071182, 0.10918853040784597, 0.11041809134185314, 0.10955396685749293, 0.10930790714919567, 0.10743892006576061, 0.10835616141557694, 0.10849373072102406, 0.1070721896365285, 0.10849243644624948, 0.10678851660341024, 0.1080290189012885], "val_binary_accuracy": [0.9660327345132828, 0.9660571351647377, 0.9664038062095642, 0.9663330167531967, 0.966625988483429, 0.9671045050024987, 0.966353023581195, 0.9673486456274987, 0.9668652459979057, 0.9668139725923538, 0.9666845858097076, 0.9675244152545929, 0.967421880364418, 0.9668730254596463, 0.9674414113163948, 0.9672973677515984, 0.9671020627021789, 0.9670141592621804, 0.9679345846176147, 0.9675415083765984, 0.9673360710854386, 0.9673925802111626, 0.9674389705061912, 0.9678295940160752, 0.9671826183795929], "val_top_k_categorical_accuracy": [0.6708984375, 0.68515625, 0.7048828125, 0.7037109375, 0.71328125, 0.707421875, 0.7119651347068146, 0.72265625, 0.7208984375, 0.719140625, 0.731640625, 0.738671875, 0.7228515625, 0.7260301108405631, 0.7318359375, 0.7326171875, 0.7265625, 0.741796875, 0.7505859375, 0.7267578125, 0.7347464341369182, 0.737109375, 0.7306640625, 0.7345703125, 0.74609375], "loss": [0.1854617237462662, 0.12684318097308278, 0.12224679592764005, 0.11921187461121008, 0.11694725115085021, 0.11506496658548712, 0.11355743762105704, 0.11216896354453638, 0.11107189478352666, 0.1099278618232347, 0.10900018255924807, 0.10813299567671493, 0.10734670257661491, 0.10655921117868275, 0.10583581163082272, 0.10511074981186538, 0.10448679839028045, 0.10388530879281462, 0.10335637495154515, 0.1027640032581985, 0.10225205523893237, 0.1016831741319038, 0.10121927252039313, 0.10073713940801099, 0.10033119379077107], "binary_accuracy": [0.9572428956162184, 0.9656967229209841, 0.9659327794797719, 0.9661634937860072, 0.9663247754797339, 0.9665091031230986, 0.9666816814802587, 0.9668379315175116, 0.966973275039345, 0.9671156379394233, 0.9672316072508693, 0.9673170544207096, 0.9674182238988578, 0.9675320507958531, 0.9675769137218595, 0.9676918104290962, 0.9677916043438017, 0.9678581322543323, 0.9679446487687529, 0.9680311679840088, 0.9681027331389487, 0.968182535469532, 0.9682231225073338, 0.9683216938748955, 0.9683613670989871], "top_k_categorical_accuracy": [0.59383544921875, 0.66204833984375, 0.6781982421875, 0.68834228515625, 0.6961181640625, 0.70439453125, 0.71044921875, 0.71693115234375, 0.72288818359375, 0.72525634765625, 0.7292236328125, 0.73294677734375, 0.73604736328125, 0.73892822265625, 0.7404052734375, 0.74412841796875, 0.74620361328125, 0.74813232421875, 0.74854736328125, 0.7507080078125, 0.7548583984375, 0.755126953125, 0.75623779296875, 0.75809326171875, 0.75955810546875]}