{"val_loss": [2.8646331261365843, 0.24297634427770606, 0.20100137723490522, 0.19533856120113474, 0.2254053087804118, 0.18614200643326456, 0.1723912185048822, 0.17071606695945626, 0.1724006110077421, 0.17520803036948143], "val_acc": [0.8207065921563369, 0.9326363680593681, 0.9415136335910052, 0.9348384110602643, 0.9426626094260631, 0.9428009397682102, 0.9462322550649909, 0.946343807751322, 0.9459756875077296, 0.9456878745888646], "loss": [3.288092857752091, 2.3086658911063123, 0.20683888021187904, 0.1973178602564029, 0.1818428173279151, 0.17687556606072646, 0.17292911931872368, 0.17247482522940025, 0.16977613170941672, 0.169491596137866], "acc": [0.7902186917953002, 0.8365526054150019, 0.9427464482111808, 0.9419930676619211, 0.9454246461391449, 0.9464066525300344, 0.9472710734758621, 0.9474746623100379, 0.9468737030640627, 0.9462607686336224]}